OOD dataset,Cutoff
OOD_iNaturalist,0.0010951064759865403
OOD_Sun,0.001095106010325253
OOD_Places,0.0010951103176921606
OOD_Texture,0.0010951075237244368
