OOD dataset,Cutoff
OOD_iNaturalist,0.002230777172371745
OOD_Sun,0.002230777172371745
OOD_Places,0.002230777172371745
OOD_Texture,0.002230777172371745
