{
    "ID_ImageNet1K": 65.47800000000001,
    "OOD_Sun": 76.9893142442162,
    "OOD_Places": 46.73,
    "OOD_Texture": 44.00709219858156
}