OOD dataset,Cutoff
OOD_iNaturalist,0.14898882806301117
OOD_Sun,0.14898888766765594
OOD_Places,0.14898940920829773
OOD_Texture,0.14898937940597534
OOD_ImageNet22K,0.14898887276649475
OOD_COCO,0.148992657661438
