OOD dataset,Cutoff
OOD_iNaturalist,0.002234231447800994
OOD_Sun,0.002234232844784856
OOD_Places,0.002234232844784856
OOD_Texture,0.002234232844784856
