OOD dataset,Cutoff
OOD_iNaturalist,0.0011029887245967984
OOD_Sun,0.0011029874440282583
OOD_Places,0.0011029887245967984
OOD_Texture,0.0011029887245967984
