{
    "ID_ImageNet1K": 70.096,
    "OOD_Sun": 75.1737732129889,
    "OOD_Places": 46.489999999999995,
    "OOD_Texture": 51.02836879432624
}