OOD dataset,Cutoff
OOD_iNaturalist,0.07349566370248795
OOD_Sun,0.07349512726068497
OOD_Places,0.0734957680106163
OOD_Texture,0.07349508255720139
OOD_ImageNet22K,0.07349500060081482
OOD_COCO,0.07349609583616257
