OOD dataset,Cutoff
OOD_iNaturalist,0.0022310279309749603
OOD_Sun,0.0022310279309749603
OOD_Places,0.0022310279309749603
OOD_Texture,0.0022310272324830294
