{
    "ID_ImageNet1K": 63.983999999999995,
    "OOD_Sun": 75.76512086316008,
    "OOD_Places": 45.65,
    "OOD_Texture": 43.59929078014184
}