OOD dataset,Cutoff
OOD_iNaturalist,0.0024054585956037045
OOD_Sun,0.00240546022541821
OOD_Places,0.0024054646492004395
OOD_Texture,0.0024054674431681633
