OOD dataset,Cutoff
OOD_iNaturalist,0.001109064556658268
OOD_Sun,0.0011090621119365096
OOD_Places,0.0011090639745816588
OOD_Texture,0.001109064556658268
