OOD dataset,Cutoff
OOD_iNaturalist,8.648661613464355
OOD_Sun,8.648661613464355
OOD_Places,8.64865493774414
OOD_Texture,8.648568153381348
