OOD dataset,Cutoff
OOD_iNaturalist,0.002300463616847992
OOD_Sun,0.002300463616847992
OOD_Places,0.0023004619870334864
OOD_Texture,0.002300463616847992
