OOD dataset,Cutoff
OOD_iNaturalist,0.00108284258749336
OOD_Sun,0.0010828395606949925
OOD_Places,0.00108284258749336
OOD_Texture,0.0010828421218320727
