OOD dataset,Cutoff
OOD_iNaturalist,0.001105099800042808
OOD_Sun,0.0011051078327000141
OOD_Places,0.0011050968896597624
OOD_Texture,0.0011051078327000141
