OOD dataset,Cutoff
OOD_iNaturalist,0.00216715969145298
OOD_Sun,0.00216715969145298
OOD_Places,0.00216715969145298
OOD_Texture,0.00216715969145298
