{
    "ID_ImageNet1K": 71.346,
    "OOD_Sun": 78.06826434277416,
    "OOD_Places": 47.15,
    "OOD_Texture": 53.297872340425535
}