OOD dataset,Cutoff
OOD_iNaturalist,0.07361825555562973
OOD_Sun,0.07361826300621033
OOD_Places,0.07361853867769241
OOD_Texture,0.07361945509910583
OOD_ImageNet22K,0.07361829280853271
OOD_COCO,0.0736202672123909
