OOD dataset,Cutoff
OOD_iNaturalist,0.1497563123703003
OOD_Sun,0.14975658059120178
OOD_Places,0.14975658059120178
OOD_Texture,0.14975658059120178
OOD_ImageNet22K,0.1497562825679779
OOD_COCO,0.14975658059120178
