{
    "ID_ImageNet1K": 68.196,
    "OOD_Sun": 74.5513020022824,
    "OOD_Places": 46.47,
    "OOD_Texture": 50.51418439716312
}