OOD dataset,Cutoff
OOD_iNaturalist,0.001077698776498437
OOD_Sun,0.001077698776498437
OOD_Places,0.001077698776498437
OOD_Texture,0.001077698776498437
