OOD dataset,Cutoff
OOD_iNaturalist,0.0021695615723729134
OOD_Sun,0.002169561805203557
OOD_Places,0.0021695573814213276
OOD_Texture,0.0021695620380342007
