{
    "ID_ImageNet1K": 71.54599999999999,
    "OOD_Sun": 76.5432098765432,
    "OOD_Places": 47.9,
    "OOD_Texture": 53.12056737588653
}