OOD dataset,Cutoff
OOD_iNaturalist,0.43874749541282654
OOD_Sun,0.43874749541282654
OOD_Places,0.4387434422969818
OOD_Texture,0.43874749541282654
