OOD dataset,Cutoff
OOD_iNaturalist,0.15004001557826996
OOD_Sun,0.15003561973571777
OOD_Places,0.15003564953804016
OOD_Texture,0.15003721415996552
OOD_ImageNet22K,0.1500353068113327
OOD_COCO,0.15003621578216553
