OOD dataset,Cutoff
OOD_iNaturalist,0.001095917890779674
OOD_Sun,0.0010959180071949959
OOD_Places,0.0010959180071949959
OOD_Texture,0.0010959180071949959
