OOD dataset,Cutoff
OOD_iNaturalist,0.002231540624052286
OOD_Sun,0.002231540158390999
OOD_Places,0.002231540624052286
OOD_Texture,0.002231540624052286
