{
    "ID_ImageNet1K": 63.966,
    "OOD_Sun": 75.4953833385206,
    "OOD_Places": 45.81,
    "OOD_Texture": 43.758865248226954
}