OOD dataset,Cutoff
OOD_iNaturalist,0.0011001124512404203
OOD_Sun,0.0011001090751960874
OOD_Places,0.0011001095408573747
OOD_Texture,0.0011001124512404203
