OOD dataset,Cutoff
OOD_iNaturalist,0.15092843770980835
OOD_Sun,0.1509314328432083
OOD_Places,0.15092921257019043
OOD_Texture,0.15092839300632477
OOD_ImageNet22K,0.15092851221561432
OOD_COCO,0.15092915296554565
