OOD dataset,Cutoff
OOD_iNaturalist,0.07371243089437485
OOD_Sun,0.07371167838573456
OOD_Places,0.07371164113283157
OOD_Texture,0.07371141761541367
OOD_ImageNet22K,0.07371135801076889
OOD_COCO,0.07371409237384796
