{
    "ID_ImageNet1K": 56.284,
    "OOD_Sun": 71.57381471106962,
    "OOD_Places": 43.91,
    "OOD_Texture": 39.343971631205676
}