OOD dataset,Cutoff
OOD_iNaturalist,0.0011092337081208825
OOD_Sun,0.0011092358035966754
OOD_Places,0.0011092358035966754
OOD_Texture,0.0011092358035966754
