OOD dataset,Cutoff
OOD_iNaturalist,0.0022217263467609882
OOD_Sun,0.002221724484115839
OOD_Places,0.0022217263467609882
OOD_Texture,0.002221721922978759
