{
    "ID_ImageNet1K": 67.07,
    "OOD_Sun": 77.97489366116818,
    "OOD_Places": 46.6,
    "OOD_Texture": 43.47517730496454
}