OOD dataset,Cutoff
OOD_iNaturalist,0.0022339350543916225
OOD_Sun,0.002233935985714197
OOD_Places,0.0022339411079883575
OOD_Texture,0.002233944833278656
