OOD dataset,Cutoff
OOD_iNaturalist,0.4429054856300354
OOD_Sun,0.442678838968277
OOD_Places,0.4428287148475647
OOD_Texture,0.44265714287757874
