OOD dataset,Cutoff
OOD_iNaturalist,8.87338924407959
OOD_Sun,8.873345375061035
OOD_Places,8.87338924407959
OOD_Texture,8.87338924407959
