OOD dataset,Cutoff
OOD_iNaturalist,0.0010944961104542017
OOD_Sun,0.0010944961104542017
OOD_Places,0.001094494597055018
OOD_Texture,0.0010944961104542017
