OOD dataset,Cutoff
OOD_iNaturalist,0.07335025072097778
OOD_Sun,0.07335095852613449
OOD_Places,0.07335025817155838
OOD_Texture,0.07335040718317032
OOD_ImageNet22K,0.07335025817155838
OOD_COCO,0.07335321605205536
