{
    "ID_ImageNet1K": 70.308,
    "OOD_Sun": 75.80661894387384,
    "OOD_Places": 46.23,
    "OOD_Texture": 51.54255319148936
}